"LEGENDA (""ULTIMO"" VALORE)",,,,,,,,,,,,,,,,,,,,,
"medpop, media annuale della popolazione residente",,,,,,,,,,,,,,,,,,,,,
"INDVEC, indice di vecchiaia",,,,,,,,,,,,,,,,,,,,,
"etamed, età media = S[(eta+0,5) * etaPop01/01] / S[etaPop01/01]",,,,,,,,,,,,,,,,,,,,,
"ADDIMP_INDL, addetti per impresa (Industria)",,,,,,,,,,,,,,,,,,,,,
"ADDIMP_SERV, addetti per impresa (Servizi)",,,,,,,,,,,,,,,,,,,,,
"ADDIMP_TOTA, addetti per impresa ",,,,,,,,,,,,,,,,,,,,,
"OccTOT, occupazione",,,,,,,,,,,,,,,,,,,,,
"VALAGGTOTA, valore aggiunto",,,,,,,,,,,,,,,,,,,,,
"pOccAGRI, % occupazione dell'Agricoltura",,,,,,,,,,,,,,,,,,,,,
"pOccINDL, % occupazione dell'Industria",,,,,,,,,,,,,,,,,,,,,
"pOccSERV, % occupazione dei Servizi",,,,,,,,,,,,,,,,,,,,,
"pVALAGGAGRI, % valore aggiunto dell'Agricoltura",,,,,,,,,,,,,,,,,,,,,
"pVALAGGINDL, % valore aggiunto dell'Industria",,,,,,,,,,,,,,,,,,,,,
"pVALAGGSERV, % valore aggiunto dei Servizi",,,,,,,,,,,,,,,,,,,,,
"neet, popolazione (15-24) che non studia e non lavora",,,,,,,,,,,,,,,,,,,,,
"p25_64TSUP, % dell'occupazione (25-64) con almeno un titolo superiore",,,,,,,,,,,,,,,,,,,,,
"pOCCHT, % dell'occupazione in settori ad alta tecnologia / conoscenza",,,,,,,,,,,,,,,,,,,,,
"SUPERF, SUPERficie (in Km2)",,,,,,,,,,,,,,,,,,,,,
,,,,,,,,,,,,,,,,,,,,,
,,,,,,,,,,,,,,,,,,,,,
GEO,denoGEO,stato,NUTS1,medpop,INDVEC,etamed,SUPERF,ADDIMP_INDL,ADDIMP_SERV,ADDIMP_TOTA,OccTOTA,VALAGGTOTA,pOccAGRI,pOccINDL,pOccSERV,pVALAGGAGRI,pVALAGGINDL,pVALAGGSERV,neet,p25_64TSUP,pOCCHT
AT11,Burgenland (AT),AUSTRIA,AT,287005,"164,6","44,4",3962,"9,7","4,6","5,7",134,6664,"4,5","26,1","69,4","4,5","28,3","67,2",,"57,5","2,3"
AT12,Niederösterreich,AUSTRIA,AT,1622427,"142,9",43,19186,"12,6",5,"6,4",791,44971,"5,8",25,"69,1","2,8","31,1","66,1","8,1","55,4","4,2"
AT13,Wien,AUSTRIA,AT,1753411,"126,1",41,415,"15,3","7,4","8,1",792,73763,"0,4",14,"85,6",0,"14,5","85,5","10,8","43,7","7,5"
AT21,Kärnten,AUSTRIA,AT,555608,159,"43,9",9538,"11,9","4,8","6,1",257,15730,"6,7","26,7","66,6","2,1","32,2","65,7","7,3","59,6","3,1"
AT22,Steiermark,AUSTRIA,AT,1212949,"155,1","43,2",16401,"13,4","5,6","7,1",584,37052,"7,6","30,4","61,9","2,6","34,6","62,8","6,7","59,6","3,1"
AT31,Oberösterreich,AUSTRIA,AT,1422240,"125,4","41,8",11980,"15,9","6,8","8,7",728,48805,7,"33,7","59,3",2,"40,2","57,8","6,2",56,"2,8"
AT32,Salzburg,AUSTRIA,AT,533042,"126,9","41,8",7156,"11,9","6,8","7,6",268,21338,"4,3","23,9","71,8","1,1","24,9",74,"5,4","55,6","2,6"
AT33,Tirol,AUSTRIA,AT,718731,"124,2","41,3",12640,"11,3","5,1","6,1",369,25612,"4,2","24,6","71,2","0,9","28,6","70,4","5,8","55,3","3,5"
AT34,Vorarlberg,AUSTRIA,AT,373963,"108,1","40,6",2601,"14,1","5,6","7,5",191,13259,2,"36,3","61,7","0,6","38,8","60,6",8,"54,5","2,6"
BE10,Région de Bruxelles-Capitale / Brussels Hoofdstedelijk Gewest,BELGIO,BE,1179233,"70,7","37,2",161,,,,430,64227,,"12,8",,0,"9,2","90,8","15,8","24,4","6,3"
BE21,Prov. Antwerpen,BELGIO,BE,1805861,"115,7","41,4",2867,,,,756,67472,"0,6",23,"76,4","0,7","30,2","69,1",9,"38,4","5,3"
BE22,Prov. Limburg (BE),BELGIO,BE,857249,"123,2","42,1",2422,,,,367,22595,"1,8","26,2",72,"1,5","27,7","70,8","10,3","43,6",3
BE23,Prov. Oost-Vlaanderen,BELGIO,BE,1468834,"121,9","41,8",2982,,,,658,42569,"1,3","25,3","73,4","0,9","27,8","71,3","11,8","37,5","4,1"
BE24,Prov. Vlaams-Brabant,BELGIO,BE,1106482,"114,9","41,6",2106,,,,489,37266,"0,7","14,4","84,8","0,6","15,4",84,"8,5","35,9","6,1"
BE25,Prov. West-Vlaanderen,BELGIO,BE,1178470,"153,6","43,6",3144,,,,511,35794,"2,2","27,5","70,3",2,"27,7","70,3","9,3","40,8","2,4"
BE31,Prov. Brabant Wallon,BELGIO,BE,390640,"105,1","40,7",1091,,,,162,13450,"1,6","15,3","83,1","0,6","30,5","68,8",13,"32,2","8,1"
BE32,Prov. Hainaut,BELGIO,BE,1333776,"104,6","40,8",3786,,,,461,27759,"1,4","21,9","76,7","0,9","22,1","77,1","16,5","39,4","3,5"
BE33,Prov. Liège,BELGIO,BE,1097254,"108,1","40,8",3862,,,,401,25733,"0,8","21,2",78,"0,7","24,6","74,7","14,9","35,1","3,5"
BE34,Prov. Luxembourg (BE),BELGIO,BE,278465,"89,7","39,5",4440,,,,114,5704,"3,5","19,8","76,7","1,7","21,7","76,6","11,7","38,6","2,6"
BE35,Prov. Namur,BELGIO,BE,486555,"103,4","40,6",3666,,,,195,11027,"1,8","18,6","79,6","1,3","16,1","82,6","12,6","36,9","3,6"
BG31,Severozapaden,BULGARIA,BG,816935,"197,1","45,7",19070,"16,8","3,4","5,4",280,2679,"9,1","34,8","56,2","12,6","35,5","51,9",34,"60,7","2,9"
BG32,Severen tsentralen,BULGARIA,BG,840162,"186,7","44,5",14974,"16,6","3,5","5,6",319,2852,"9,6","35,8","54,6",11,"34,9","54,1","22,1","54,5","2,5"
BG33,Severoiztochen,BULGARIA,BG,955998,"135,2","42,2",14487,"11,4","3,7","4,8",389,3697,"9,1","24,8","66,1","8,1","30,9",61,"20,8","48,5","2,2"
BG34,Yugoiztochen,BULGARIA,BG,1065836,"133,9","42,5",19799,"15,6","3,2","5,1",409,4310,"7,1","33,9",59,"6,4","43,7",50,28,"55,2","1,5"
BG41,Yugozapaden,BULGARIA,BG,2128201,"145,3","42,2",20307,"12,5","5,6","6,5",981,16762,"2,6","24,8","72,6","1,6","22,4","75,9","10,6","53,2","6,7"
BG42,Yuzhen tsentralen,BULGARIA,BG,1457984,"150,3","43,2",22365,"14,5","3,4","5,3",603,5044,"10,5","34,5",55,"8,6","38,1","53,3","21,7","54,7","1,5"
CY00,Kypros,CIPRO,CY,861939,"91,8","38,6",9251,,,,363,16685,"4,4","16,5",79,"2,5","11,5",86,17,"37,3",3
CZ01,Praha,REPUBBLICA CECA,CZ,1244991,"137,2",42,496,"5,1","4,7","4,8",648,35078,"0,2","18,9","80,8","0,4","15,5","84,1","4,4",57,"8,5"
CZ02,Strední Cechy,REPUBBLICA CECA,CZ,1297076,"106,7","40,6",11015,4,"1,8","2,5",634,15459,"2,5","34,2","63,3","3,5","45,2","51,3","7,1","72,4","4,6"
CZ03,Jihozápad,REPUBBLICA CECA,CZ,1209737,"127,7","41,8",17618,"4,9","1,8","2,8",581,14378,"4,7","41,9","53,5","4,5","42,1","53,4","6,7","75,8","3,1"
CZ04,Severozápad,REPUBBLICA CECA,CZ,1126960,"116,6","41,1",8649,"5,3","1,8","2,8",508,11377,2,"39,1","58,9","2,5","44,5","52,9","13,5","73,4","2,2"
CZ05,Severovýchod,REPUBBLICA CECA,CZ,1507242,"125,7","41,6",12441,"4,6","1,7","2,7",703,16611,"3,5","44,8","51,7","3,9",44,"52,1",9,"75,3","4,1"
CZ06,Jihovýchod,REPUBBLICA CECA,CZ,1680072,"128,6","41,6",13991,"4,4","2,3",3,796,21135,"3,9","39,1",57,"3,6","40,4",56,"6,9","70,8","5,4"
CZ07,Strední Morava,REPUBBLICA CECA,CZ,1223979,"130,5","41,8",9230,"4,7","1,9","2,9",557,13249,"2,8","46,3","50,9",3,"45,6","51,4","7,8","74,5","3,4"
CZ08,Moravskoslezsko,REPUBBLICA CECA,CZ,1224217,"125,1","41,5",5427,"6,3","2,4","3,6",549,13772,2,"41,4","56,5","1,6","48,4",50,"9,4","74,8","2,9"
DE11,Stuttgart,GERMANIA,DE,4005347,"148,9","43,1",10557,,,,2082,154658,"1,1","36,8","62,1","0,5","42,7","56,8","4,9","55,2","4,5"
DE12,Karlsruhe,GERMANIA,DE,2734605,"159,5","43,5",6919,,,,1385,92363,"0,5","31,9","67,6","0,4","34,3","65,3","4,6","55,8","5,7"
DE13,Freiburg,GERMANIA,DE,2196343,150,"43,3",9357,,,,1153,64769,"0,9","34,5","64,6","0,8","38,7","60,5","5,5",59,"5,6"
DE14,Tübingen,GERMANIA,DE,1799761,"143,2","42,8",8918,,,,937,59401,2,"36,7","61,3","0,8","41,4","57,8",4,"56,6","4,8"
DE21,Oberbayern,GERMANIA,DE,4475855,"147,2","42,7",17531,,,,2420,187745,"1,8","25,3","72,9","0,5","29,9","69,6","3,7","53,2",7
DE22,Niederbayern,GERMANIA,DE,1193488,"154,9","43,6",10329,,,,634,35497,"3,1","36,8",60,2,41,57,"3,7","66,6","2,5"
DE23,Oberpfalz,GERMANIA,DE,1081014,"155,6","43,5",9690,,,,582,34155,"2,4","35,5","62,1","1,7","40,4","57,8","7,1","62,8","4,7"
DE24,Oberfranken,GERMANIA,DE,1060367,183,"44,9",7231,,,,543,30365,"1,3","36,5","62,2","1,3","35,1","63,7","6,1","63,9","2,8"
DE25,Mittelfranken,GERMANIA,DE,1718211,162,"43,7",7245,,,,880,56831,"1,4","31,5","67,1","0,7","33,2","66,1",5,"58,9","5,1"
DE26,Unterfranken,GERMANIA,DE,1305657,"168,5","44,2",8531,,,,680,40379,"1,4","35,5",63,"1,3","34,7","63,9","3,7","63,1","2,8"
DE27,Schwaben,GERMANIA,DE,1802277,"154,7","43,4",9993,,,,924,55064,"2,6","35,3","62,1","0,9","38,5","60,6","4,3","62,7","3,7"
DE30,Berlin,GERMANIA,DE,3483757,"155,3","42,8",892,,,,1644,100986,,"14,6",,0,"16,8","83,2","10,2","49,2",7
DE40,Brandenburg,GERMANIA,DE,2470354,"197,4","46,6",29654,,,,1195,54247,"1,9","24,6","73,4",2,"27,5","70,5","8,2","66,2",3
DE50,Bremen,GERMANIA,DE,660467,"182,5",44,419,,,,307,26447,,"20,2",,0,27,"72,9","9,4",54,"3,6"
DE60,Hamburg,GERMANIA,DE,1780470,"150,3","42,4",755,,,,907,89418,"0,6","15,4","82,3","0,1","16,8","83,1","8,4","50,4","5,2"
DE71,Darmstadt,GERMANIA,DE,3842883,"150,6","43,3",7445,,,,1893,149166,"0,7","21,9","77,5","0,2","22,4","77,4","6,5","52,8","6,1"
DE72,Gießen,GERMANIA,DE,1030236,"163,9","43,7",5381,,,,508,27124,"1,4",29,"69,6","0,6","31,3",68,"5,6","59,7","4,7"
DE73,Kassel,GERMANIA,DE,1206937,"182,2","44,9",8289,,,,589,33665,"1,6",29,"69,4","0,9","30,6","68,5","6,7","65,4","2,4"
DE80,Mecklenburg-Vorpommern,GERMANIA,DE,1612203,198,"46,3",23212,,,,738,33542,"2,9","24,4","72,7","3,4","20,1","76,5","8,4","68,9","2,3"
DE91,Braunschweig,GERMANIA,DE,1589644,"186,5","44,9",8100,,,,734,49912,"1,4","30,9","67,7",1,43,"56,1","6,9","60,4","3,8"
DE92,Hannover,GERMANIA,DE,2118685,"177,3","44,7",9048,,,,1021,63346,"1,2","23,8","75,1","0,9","27,4","71,7","6,2","61,6","3,3"
DE93,Lüneburg,GERMANIA,DE,1680003,"165,5","44,5",15495,,,,824,35817,"3,9",24,"72,2","2,6","24,9","72,5",6,"65,1","2,2"
DE94,Weser-Ems,GERMANIA,DE,2465404,"146,8","43,2",14971,,,,1208,67247,"3,3",29,"67,7","2,3","32,5","65,2","6,2","65,8","1,7"
DEA1,Düsseldorf,GERMANIA,DE,5124830,"173,2","44,5",5292,,,,2375,170998,"0,6","25,6","73,7","0,4","28,2","71,4","8,3","57,1","3,5"
DEA2,Köln,GERMANIA,DE,4377886,"153,1","43,3",7364,,,,2039,139390,"0,8","23,4","75,8","0,3","23,4","76,3","7,2","53,9","5,7"
DEA3,Münster,GERMANIA,DE,2585757,"150,9","43,4",6917,,,,1225,69833,"1,9","28,5","69,6","1,4","29,8","68,8","7,2","61,6",2
DEA4,Detmold,GERMANIA,DE,2028216,"149,5","43,4",6525,,,,975,60590,"1,3","33,6","65,1","0,8",34,"65,2","6,1","62,1","3,5"
DEA5,Arnsberg,GERMANIA,DE,3593298,"173,9","44,5",8012,,,,1652,100011,"0,6","30,7","68,7","0,4","34,6","65,1","7,6","61,5","2,9"
DEB1,Koblenz,GERMANIA,DE,1473759,"175,8","44,9",8073,,,,720,38776,"1,3","27,7","71,1",1,"31,7","67,3","6,6",63,"2,5"
DEB2,Trier,GERMANIA,DE,515939,"163,4","43,9",4924,,,,272,12794,"3,6","26,9","69,5","2,2","32,8","64,9","7,8","62,2","2,2"
DEB3,Rheinhessen-Pfalz,GERMANIA,DE,2006836,"165,8","44,1",6851,,,,991,58094,"1,6","28,7","69,7","1,5","38,3","60,3","6,3","57,6","4,5"
DEC0,Saarland,GERMANIA,DE,1000112,"208,8",46,2569,,,,457,29279,,"28,5",,"0,2","35,6","64,2","7,2","63,2","2,9"
DED2,Dresden,GERMANIA,DE,1607097,"201,4","46,1",7931,,,,751,35450,"1,3","29,2","69,5","1,1","29,8","69,1",6,"64,9","4,4"
DED4,Chemnitz,GERMANIA,DE,1484641,"239,1","48,1",6524,,,,699,31487,"1,3","34,9","63,8","1,1","34,2","64,7","7,1","71,8","2,6"
DED5,Leipzig,GERMANIA,DE,997601,"193,5","45,3",3965,,,,481,23721,"1,6","24,1","74,4","1,1","24,5","74,3",8,65,"4,2"
DEE0,Sachsen-Anhalt,GERMANIA,DE,2270117,"230,4","47,3",20452,,,,1041,49166,"1,6","28,9","69,4","2,5","32,3","65,2","9,1","70,4","2,2"
DEF0,Schleswig-Holstein,GERMANIA,DE,2828694,178,"44,7",15800,,,,1352,73077,"2,2","21,6","76,3","1,5","23,7","74,8","7,3","64,6","3,3"
DEG0,Thüringen,GERMANIA,DE,2185277,"212,6","46,7",16173,,,,1055,47279,"1,9","32,7","65,5",2,"32,9","65,2","5,9","68,9","3,5"
DK01,Hovedstaden,DANIMARCA,DK,1740737,"101,7","39,6",2558,"8,5","6,2","6,6",890,84197,"0,4",13,"86,6","0,1","16,5","83,3","5,1","35,6","9,6"
DK02,Sjælland,DANIMARCA,DK,816543,"129,7","42,7",7223,"4,4","2,4","2,9",379,22102,"2,6","19,8","77,6","1,7","22,6","75,8",6,"48,9","5,5"
DK03,Syddanmark,DANIMARCA,DK,1201964,"120,5","41,7",12256,9,"3,6","4,8",552,41770,"3,6","22,8","73,7","2,4","24,6",73,"6,3","46,9","2,2"
DK04,Midtjylland,DANIMARCA,DK,1275024,"104,2","40,2",13005,"9,1","3,9",5,616,45032,"3,3","22,8","73,8",2,"23,4","74,6","5,7","45,3","3,7"
DK05,Nordjylland,DANIMARCA,DK,580665,"127,1","41,8",7879,"6,5","3,1",4,278,19386,"4,9","23,2","71,9",3,"24,1","72,9","6,6","49,4","3,6"
EE00,Eesti,ESTONIA,EE,1317997,"124,1","41,6",45227,"9,9","5,2","6,3",625,16404,"3,9","30,1",66,"4,1",29,67,"11,7","53,6","4,5"
EL11,"Anatoliki Makedonia, Thraki (NUTS 2010)",GRECIA,EL,615714,"154,3","43,2",14157,,,,195,6526,"30,6","14,7","54,8","7,1","15,5","77,5","22,2","29,7",1
EL12,Kentriki Makedonia (NUTS 2010),GRECIA,EL,1903017,"146,8",43,19147,,,,563,21622,"15,6","15,2","69,2","5,4","15,4","79,2","18,1","39,1","1,6"
EL13,Dytiki Makedonia (NUTS 2010),GRECIA,EL,281711,162,"44,2",9451,,,,83,3496,"18,3","24,7",57,"6,3","41,1","52,7","15,7","35,1",
EL14,Thessalia (NUTS 2010),GRECIA,EL,739586,"165,9","44,2",14037,,,,234,8349,"26,8","15,7","57,5",10,"16,7","73,4","20,2","39,6","0,4"
EL21,Ipeiros (NUTS 2010),GRECIA,EL,343646,195,"45,4",9203,,,,104,3797,"22,2","15,2","62,6","7,4",14,"78,6","20,9","36,1",
EL22,Ionia Nisia (NUTS 2010),GRECIA,EL,209234,"157,6","44,1",2307,,,,71,2858,"16,6","13,9","69,5","3,8","7,6","88,6","19,9","42,7",
EL23,Dytiki Ellada (NUTS 2010),GRECIA,EL,677003,"147,4","42,9",11350,,,,201,7648,"25,4","12,4","62,2","9,1","13,1","77,8","19,1","36,7","1,5"
EL24,Sterea Ellada (NUTS 2010),GRECIA,EL,562468,"164,9","44,2",15549,,,,173,7016,"24,1","22,6","53,3","8,1","31,1","60,7","28,4","40,9","1,2"
EL25,Peloponnisos (NUTS 2010),GRECIA,EL,588865,174,45,15490,,,,189,7067,"33,3","12,2","54,5","8,5","21,3","70,2","26,6",41,"1,1"
EL30,Attiki,GRECIA,EL,3888092,"140,8","42,7",3808,,,,1326,76631,"0,7","14,4","84,9","0,4","10,5","89,1","17,4","43,6",5
EL41,Voreio Aigaio,GRECIA,EL,203540,166,"43,7",3836,,,,62,2387,"15,4","10,9","73,7","5,1","8,6","86,3","19,7","37,6",
EL42,Notio Aigaio,GRECIA,EL,340713,103,"40,4",5286,,,,124,5271,"8,4","14,4","77,2","2,8","10,4","86,7","14,8","41,7","0,8"
EL43,Kriti,GRECIA,EL,629520,"115,4",41,8336,,,,212,7876,"16,4","14,1","69,5","6,8","11,1","82,2","18,7","39,4","1,4"
ES11,Galicia,SPAGNA,ES,2754608,"207,1","45,9",29575,"3,9","2,3","2,7",998,50035,"6,6","22,2","71,2","5,1","27,7","67,2","14,3","19,6","2,8"
ES12,Principado de Asturias,SPAGNA,ES,1063386,"225,6","46,9",10602,5,"2,1","2,7",376,19457,"4,3","21,2","74,5","1,6","28,4","70,1","13,4","22,3","2,4"
ES13,Cantabria,SPAGNA,ES,588859,"154,1","44,1",5327,"4,3","2,9","3,2",226,11108,"3,1","22,2","74,8","1,8","29,9","68,4","12,2","26,5","3,1"
ES21,País Vasco,SPAGNA,ES,2172086,157,"44,4",7275,"5,2","3,1","3,6",865,58115,"1,4",26,"72,6","0,8","33,8","65,4","9,5","21,4",3
ES22,Comunidad Foral de Navarra,SPAGNA,ES,637699,126,"42,4",10390,7,"2,3","3,5",263,16175,"4,8","30,8","64,4","3,9",37,"59,2","12,6","22,5","1,9"
ES23,La Rioja,SPAGNA,ES,316935,"138,3","43,1",5045,"4,7","1,7","2,6",128,7066,"5,3","32,1","62,6","5,8","35,9","58,4","14,8","24,2","3,2"
ES24,Aragón,SPAGNA,ES,1334809,"152,4","43,8",47721,"4,4","2,4","2,9",519,30110,"5,4","24,2","70,4","5,7","29,1","65,1","15,2","25,4","3,1"
ES30,Comunidad de Madrid,SPAGNA,ES,6396459,"110,4","41,2",8028,"5,7","5,5","5,5",2715,179063,"0,5","13,9","85,6","0,1","15,6","84,3","12,6","24,9","8,8"
ES41,Castilla y León,SPAGNA,ES,2507125,"203,7","46,1",94227,"3,4","2,2","2,5",920,48987,7,"22,7","70,3","5,3","27,8","66,9","13,5","23,2","2,2"
ES42,Castilla-la Mancha,SPAGNA,ES,2084802,"121,2","41,6",79417,"3,4","1,8","2,3",712,34793,"7,2","21,9","70,9","8,4","29,8","61,8","18,5","21,6","2,9"
ES43,Extremadura,SPAGNA,ES,1098696,"143,7","42,8",41634,"3,2","1,7",2,354,15551,"10,9","17,8","71,3","6,8","21,6","71,6","16,9","15,9","1,1"
ES51,Cataluña,SPAGNA,ES,7448579,"119,4","41,9",32091,"4,7","2,9","3,3",3031,180260,"1,5","24,4","74,1","1,2",26,"72,9","18,4","20,4",5
ES52,Comunidad Valenciana,SPAGNA,ES,4971719,"125,6","42,1",23256,4,"2,5","2,8",1801,89407,3,"22,3","74,7","2,4","25,2","72,4","18,7","23,3","2,6"
ES53,Illes Balears,SPAGNA,ES,1112977,"102,8","40,4",4992,"2,3","2,6","2,6",483,24015,"1,1","15,1","83,8","0,5","13,4","86,2","21,2",25,"0,8"
ES61,Andalucía,SPAGNA,ES,8391025,"102,1","40,4",87597,"3,5",2,"2,3",2634,129066,"8,4","13,6",78,"5,7","19,2","75,1",21,20,"2,1"
ES62,Región de Murcia,SPAGNA,ES,1461893,"89,2","39,4",11314,"4,1","2,4","2,8",530,24552,"13,1","18,2","68,6","4,7","24,8","70,4","17,2","21,7","2,3"
ES63,Ciudad Autónoma de Ceuta (ES),SPAGNA,ES,84607,"55,4","36,2",20,"4,6",2,"2,3",26,1423,,13,,"0,2",10,"89,8","22,4","21,8",
ES64,Ciudad Autónoma de Melilla (ES),SPAGNA,ES,83745,"44,3","34,7",13,"3,2","1,8","1,9",24,1286,,,,"0,1","10,5","89,4",18,"24,1",
ES70,Canarias (ES),SPAGNA,ES,2110040,"107,2","40,8",7446,3,"2,5","2,6",739,37197,"3,4","9,7",87,"1,8","13,7","84,5","19,8","22,4",2
FI19,Länsi-Suomi,FINLANDIA,FI,1372394,"134,1","42,4",64763,"5,3",2,"2,8",602,39543,"5,3","26,8",68,"3,9","34,5","61,5","10,2","46,8","3,5"
FI1B,Helsinki-Uusimaa,FINLANDIA,FI,1576154,"100,1","39,8",9568,"11,6","5,3","6,4",796,64439,"0,9","16,7","82,4","0,3","20,1","79,6","9,2","36,9","10,1"
FI1C,Etelä-Suomi,FINLANDIA,FI,1161684,"152,6","43,6",35376,"4,8","2,1","2,8",494,32782,"4,7","23,2","72,1","2,5","31,8","65,6",11,"47,1","4,3"
FI1D,Pohjois- ja Itä-Suomi,FINLANDIA,FI,1300157,"130,6","42,6",227148,5,"2,2","2,9",539,33740,"7,6","22,7","69,7","5,7",28,"66,3","10,8","50,8","4,3"
FI20,Åland,FINLANDIA,FI,28584,"131,2","42,5",1580,"2,9","3,9","3,6",16,1115,,,,"2,1",15,"82,9",,"49,1",
FR10,Île de France,FRANCIA,FR,11978569,"73,9","37,9",12012,"10,6","5,9","6,6",5237,566541,"0,4","13,2","86,3","0,1","13,4","86,5","9,5","34,2","7,2"
FR21,Champagne-Ardenne,FRANCIA,FR,1338444,"110,1","41,3",25606,"6,7","2,9","3,8",511,34041,"5,1","25,1","69,8","8,7","26,3",65,"16,4","46,3",
FR22,Picardie,FRANCIA,FR,1926229,"89,9","39,9",19400,"6,4","2,8","3,7",743,42566,3,"21,9","75,1","4,2","24,8","70,9","16,1",45,
FR23,Haute-Normandie,FRANCIA,FR,1850549,97,"40,4",12317,"6,8","3,1","3,9",715,46252,"2,6","28,4","68,9","2,2","29,7","68,1","11,7","47,8","3,2"
FR24,Centre (FR),FRANCIA,FR,2574298,"118,5","42,2",39151,6,"2,7","3,5",1007,61890,"3,4",24,"72,6","3,5","25,5","70,9","8,8","45,6","3,5"
FR25,Basse-Normandie,FRANCIA,FR,1478098,"124,8","42,6",17589,"5,9","3,4",4,597,34900,"5,4","24,4","70,2","3,5","23,6","72,9","12,7","49,6",
FR26,Bourgogne,FRANCIA,FR,1639230,"136,6","43,4",31582,"5,9","2,6","3,4",635,39451,"7,6","23,9","68,5","5,2","22,8",72,"9,5","47,9",
FR30,Nord - Pas-de-Calais,FRANCIA,FR,4056483,"82,9","38,9",12414,9,"4,5","5,3",1484,95098,"1,2","21,4","77,4","1,5","22,3","76,2","14,2","44,8","1,9"
FR41,Lorraine,FRANCIA,FR,2347270,"111,2","41,4",23547,"6,5","2,7","3,6",913,50930,2,"25,7","72,4","1,7","23,9","74,4","12,8","49,9","2,7"
FR42,Alsace,FRANCIA,FR,1866637,100,"40,6",8280,"8,6","3,4","4,4",793,49839,"0,8","26,2",73,"1,8","27,4","70,8","12,4","48,3","3,9"
FR43,Franche-Comté,FRANCIA,FR,1178177,"108,1","41,2",16202,"6,3","2,5","3,5",466,25941,"3,6","32,7","63,6","2,3","27,6","70,1","9,7","49,9","6,2"
FR51,Pays de la Loire,FRANCIA,FR,3675418,"101,5","40,8",32082,"7,7","3,3","4,3",1521,94859,"3,9","24,1",72,3,"25,6","71,4","10,2","48,9","2,2"
FR52,Bretagne,FRANCIA,FR,3264507,"117,5",42,27208,"6,3","3,1","3,8",1346,77977,"5,2","21,5","73,3","3,4","22,2","74,4","7,1","50,2","3,7"
FR53,Poitou-Charentes,FRANCIA,FR,1793518,"140,5","43,7",25810,"4,8","2,8","3,3",696,41818,"4,2","23,1","72,7","5,7",22,"72,3","14,8",51,
FR61,Aquitaine,FRANCIA,FR,3322808,"131,8","42,9",41308,4,"2,2","2,6",1342,84284,"3,9","19,7","76,4","3,6","20,1","76,3","10,6","48,4","4,5"
FR62,Midi-Pyrénées,FRANCIA,FR,2957160,"126,3","42,4",45348,"4,5","2,4","2,9",1222,76011,"3,9","21,6","74,6","2,4","21,6",76,"10,8","40,8","3,6"
FR63,Limousin,FRANCIA,FR,736661,"164,6","45,1",16942,"4,9","2,4","3,1",293,15898,"5,8","19,4","74,9","2,1",21,"76,9","12,1","50,1",
FR71,Rhône-Alpes,FRANCIA,FR,6422153,"95,8",40,43698,"6,3","2,9","3,6",2699,185600,"2,5","24,3","73,2","0,8","25,4","73,8","8,4","43,2","5,2"
FR72,Auvergne,FRANCIA,FR,1358058,"143,1","43,7",26013,"5,8","2,3","3,2",530,31988,6,24,"70,1","2,1","25,1","72,8","9,3","50,7",
FR81,Languedoc-Roussillon,FRANCIA,FR,2743119,"129,9","42,6",27376,"2,5","1,8",2,995,60418,"4,9","14,3","80,8","2,3","15,8","81,8","13,2","41,8","2,9"
FR82,Provence-Alpes-Côte d'Azur,FRANCIA,FR,4957322,"129,5","42,6",31400,3,"2,1","2,3",1995,136952,"1,6","15,9","82,5","1,2","17,3","81,5","11,8","41,5","3,8"
FR83,Corse,FRANCIA,FR,321436,"144,8","43,4",8680,"2,3","1,7","1,9",64,7752,,"19,9",,"1,5","16,8","81,7",,"44,4",
FR91,Guadeloupe (NUTS 2010),FRANCIA,FR,438791,"85,1","39,9",1703,"1,4","1,3","1,3",124,7870,"3,6","14,8","84,5","2,9","11,6","85,6","21,8","38,5",
FR92,Martinique (NUTS 2010),FRANCIA,FR,383180,"103,6","41,7",1128,"1,8","1,5","1,6",130,7799,"4,8","11,8","83,4","3,1","11,9",85,23,"36,5",
FR93,Guyane (NUTS 2010),FRANCIA,FR,247722,"15,7","28,2",83534,"1,9","1,5","1,6",64,3578,,"14,6",,4,"16,1",80,"32,3","29,6",
FR94,Réunion (NUTS 2010),FRANCIA,FR,842317,"44,4",35,2504,"2,5","2,1","2,2",257,15007,"3,6","13,6","82,8","1,1","13,5","85,4","25,7","33,9",
HR03,Jadranska Hrvatska,CROAZIA,HR,1406853,"145,6",43,,,,,513,11808,"6,4",22,"71,6","2,8","26,6","70,6","19,8","65,2",2
HR04,Kontinentalna Hrvatska,CROAZIA,HR,2847622,"127,6","41,9",,,,,1053,25458,11,"29,3","59,7","5,2","27,3","67,5","19,1","59,7","3,7"
HU10,Közép-Magyarország,UNGHERIA,HU,2959648,"130,3","41,7",6916,7,"3,6","4,1",1310,40027,"0,9","21,4","77,6","0,7","22,4",77,"10,7","54,2","7,8"
HU21,Közép-Dunántúl,UNGHERIA,HU,1071946,"129,8","41,9",11086,"8,5",2,"3,4",468,7952,"4,6","41,4","54,1","5,9","46,4","47,8","11,1","64,6",3
HU22,Nyugat-Dunántúl,UNGHERIA,HU,984900,139,"42,5",11328,"7,8","1,9","3,1",443,8336,"4,2","39,7","56,1","5,8","46,9","47,4","11,1","65,6","4,1"
HU23,Dél-Dunántúl,UNGHERIA,HU,921336,"142,6","42,8",14198,"6,5","1,6","2,6",359,5251,8,"29,8","62,1","10,4","28,2","61,3","14,1","60,8","2,8"
HU31,Észak-Magyarország,UNGHERIA,HU,1183168,"125,5","41,7",13429,"8,1","1,7","2,9",434,5963,"4,1",35,"60,9","5,5",39,"55,5","18,3","61,6","5,1"
HU32,Észak-Alföld,UNGHERIA,HU,1488017,"110,8","40,7",17729,"7,4","1,8","2,8",577,7987,"7,3","32,1","60,6","10,4","32,8","56,8","18,2","59,1","3,3"
HU33,Dél-Alföld,UNGHERIA,HU,1284067,"145,2","42,7",18338,"6,8","1,8","2,8",510,7317,"9,8","29,8","60,4","11,5","30,4","58,1","12,8","62,6","1,8"
IE01,"Border, Midland and Western",IRLANDA,IE,1234396,"62,9","37,1",33252,,,,480,28218,"9,6","21,1","69,4","2,7","32,1","65,2","18,3",40,4
IE02,Southern and Eastern,IRLANDA,IE,3363898,"60,9","36,6",36545,,,,1434,132335,"4,4","17,3","78,4","1,2","25,9","72,8","14,1","37,1","8,4"
ITC1,Piemonte,ITALIA,IT,4405425,"195,5","45,9",25387,"5,1","1,9","2,8",1773,113810,3,"31,9","65,1","1,7","28,3",70,"18,2","44,4","3,7"
ITC2,Valle d'Aosta/Vallée d'Aoste,ITALIA,IT,128218,"166,7","44,8",3261,"2,7","1,6","1,8",55,4104,"3,4","22,1","74,4","1,4","23,9","74,7","16,9","40,8",
ITC3,Liguria,ITALIA,IT,1578533,"250,6","48,1",5416,"3,5","1,7","2,1",599,43238,"2,1",20,"77,9","1,1","17,4","81,5","16,2","44,6",3
ITC4,Lombardia,ITALIA,IT,9883961,"157,8","44,2",23864,"5,7","2,7","3,5",4237,324212,"1,7","32,5","65,8","1,1","27,6","71,3","16,1","44,2","4,8"
ITF1,Abruzzo,ITALIA,IT,1323223,"182,2","44,9",10833,"4,3","1,4","2,1",476,27501,"5,3","29,4","65,3","2,6","27,6","69,8","21,7","46,7","2,7"
ITF2,Molise,ITALIA,IT,314033,"200,2","45,5",4461,3,1,"1,5",101,5363,"7,9","25,7","66,4","5,1","21,9",73,"19,4","41,5","1,9"
ITF3,Campania,ITALIA,IT,5819858,"116,4","41,1",13670,"3,8","1,4","1,9",1561,89086,"4,3","21,6","74,1","2,9",17,"80,1","29,8","36,9","2,2"
ITF4,Puglia,ITALIA,IT,4070535,"148,4",43,19541,"3,2","1,3","1,8",1144,60607,"7,6","22,3","70,1","3,9","19,2","76,9","28,4","34,8","1,6"
ITF5,Basilicata,ITALIA,IT,577293,"173,8","44,3",10073,"3,9","1,2","1,8",182,9714,"8,3","26,5","65,2","5,5","29,6","64,9","24,3","42,9","1,6"
ITF6,Calabria,ITALIA,IT,1969386,151,43,15222,"2,3","1,2","1,4",523,27244,"10,6","15,6","73,8","5,3","13,6","81,1","32,2","38,4","1,2"
ITG1,Sicilia,ITALIA,IT,5047435,"142,2","42,6",25833,"2,9","1,4","1,7",1322,74920,7,"16,2","76,7","4,2","13,9","81,9","33,1","35,9",2
ITG2,Sardegna,ITALIA,IT,1652119,"184,8","44,9",24100,"2,6","1,6","1,8",548,28023,"6,2","18,4","75,3","4,6","15,7","79,7","27,7","34,1","1,6"
ITH1,Provincia Autonoma di Bolzano/Bozen,ITALIA,IT,512670,"121,8","41,8",7398,"4,6","2,5","2,9",244,18597,"6,3","21,4","72,2",5,"22,7","72,3","9,7","51,6","1,6"
ITH2,Provincia Autonoma di Trento,ITALIA,IT,533273,"141,7","43,4",6207,"4,2","2,3","2,8",232,16442,"3,8","26,1","70,1","3,7","23,7","72,6","14,6","50,7",3
ITH3,Veneto,ITALIA,IT,4904287,"158,9","44,2",18407,"5,2","1,9","2,8",2065,132679,"3,1","34,8","62,1",2,"30,4","67,6",15,"45,8","2,7"
ITH4,Friuli-Venezia Giulia,ITALIA,IT,1225612,"206,1","46,4",7862,"5,7",2,"2,9",495,31899,"2,8","31,3","65,9","1,8","27,2",71,"14,2","47,4","2,6"
ITH5,Emilia-Romagna,ITALIA,IT,4411921,"180,2","45,4",22453,"5,1","2,1","2,9",1912,129634,"3,4","32,6",64,"2,6","29,6","67,9","17,6","45,8",3
ITI1,Toscana,ITALIA,IT,3721670,"199,8","46,1",22988,"3,4","1,7","2,1",1535,97664,3,"28,1","68,9","2,2","23,8",74,"17,1","42,6","3,1"
ITI2,Umbria,ITALIA,IT,891491,"194,9","45,8",8464,"4,3","1,6","2,3",349,19770,4,"27,2","68,8","2,7","25,7","71,6","19,4","47,1",2
ITI3,Marche,ITALIA,IT,1549147,"185,1","45,4",9401,"4,7","1,4","2,3",625,34972,"2,3",36,"61,6",2,29,69,"18,1","44,3","2,7"
ITI4,Lazio,ITALIA,IT,5713864,"156,3","43,9",17232,"4,2","3,1","3,3",2302,165895,2,"15,4","82,6",1,"13,4","85,6","20,3","46,8","6,7"
LT00,Lietuva,LETTONIA,LT,2957689,"134,1",42,65300,,,,1319,31649,"9,2","24,7","66,1","4,4","30,7","64,9","9,9","56,6","2,1"
LU00,Luxembourg,LUSSEMBURGO,LU,543360,"89,2","39,4",2586,,,,246,40460,"1,4","10,7","87,9","0,3","12,2","87,5","6,3",36,"4,4"
LV00,Latvija,LITUANIA,LV,2012647,"138,1","42,4",64573,,,,885,20252,"7,5","23,8","68,7","3,7","23,8","72,5",12,"59,3","3,4"
MT00,Malta,MALTA,MT,423374,134,"41,5",316,,,,181,6605,"1,3","21,3","77,3","1,5","17,3","81,2","10,5","22,7","6,1"
NL11,Groningen,PAESI BASSI,NL,582217,"124,3",41,2960,"1,7","7,6","6,3",269,28605,"2,1","15,7","82,2","1,3",57,"41,7","4,1","43,5","2,6"
NL12,Friesland (NL),PAESI BASSI,NL,646590,"116,2","41,7",5749,5,"5,7","5,6",305,16286,"3,2","17,9",79,"2,7","27,3","70,1","7,4","47,3","1,6"
NL13,Drenthe,PAESI BASSI,NL,489453,129,"43,1",2680,"6,6","5,9","6,1",226,11847,"2,3","18,9","78,8","3,2","27,6","69,2",6,"47,5","3,6"
NL21,Overijssel,PAESI BASSI,NL,1139524,"101,4","40,5",3421,"10,2","7,6","8,1",554,32227,2,"18,4","79,6","1,7","27,2",71,"3,8","44,5","2,9"
NL22,Gelderland,PAESI BASSI,NL,2017742,"111,6","41,3",5136,"6,7","6,8","6,7",990,58942,"2,7","15,6","81,8",2,"22,1","75,8","4,7","42,2","3,6"
NL23,Flevoland,PAESI BASSI,NL,399167,"61,1","37,4",2412,"4,6","7,7","7,1",191,10378,"1,9","10,5","87,6","4,4","13,9","81,7","7,8","48,7","5,7"
NL31,Utrecht,PAESI BASSI,NL,1249483,"88,8","39,3",1449,"9,2","9,2","9,2",641,50935,"1,1",10,"88,9","0,5","12,4","87,1","4,5","35,9","5,1"
NL32,Noord-Holland,PAESI BASSI,NL,2732835,"104,7","40,6",4091,"4,9","8,2","7,7",1398,113891,"1,4","10,4","88,2","0,8","11,2",88,"4,8",38,"3,9"
NL33,Zuid-Holland,PAESI BASSI,NL,3570484,"103,4","40,4",3418,"6,1","7,3","7,1",1724,122155,"2,1","13,2","84,7",2,18,"79,9","7,1","40,8","3,8"
NL34,Zeeland,PAESI BASSI,NL,380849,"138,4","43,3",2933,"7,8","5,5","5,9",183,10382,3,22,"75,1","5,3","32,2","62,6","8,2","47,5","1,1"
NL41,Noord-Brabant,PAESI BASSI,NL,2475143,"117,1","41,6",5082,"7,6","6,5","6,7",1234,86357,"2,6","19,6","77,8","2,2","28,8",69,5,"40,9","3,7"
NL42,Limburg (NL),PAESI BASSI,NL,1120949,"156,5","43,9",2209,"8,8","6,6",7,522,31380,"2,1","18,9",79,"2,8",25,"72,2","5,6","44,1","2,6"
PL11,Lódzkie,POLONIA,PL,2504635,"128,6","41,8",18219,"6,3",2,"3,1",1277,21466,"12,4","31,1","56,5","3,7","36,4","59,9","10,5",64,"3,1"
PL12,Mazowieckie,POLONIA,PL,5284343,"107,2","40,5",35558,"6,3","4,4","4,8",2621,77148,"11,1","21,8","67,1","2,8","24,7","72,5","8,9","54,4",6
PL21,Malopolskie,POLONIA,PL,3313274,99,"39,6",15183,"5,4","2,4","3,2",1317,27093,11,"30,5","58,5","1,6","32,5","65,9","11,2","64,9","2,9"
PL22,Slaskie,POLONIA,PL,4557108,"120,4","41,4",12333,"9,3","2,2","3,9",1854,43833,"2,7","40,1","57,2","0,9",43,"56,1","10,5","68,8","2,4"
PL31,Lubelskie,POLONIA,PL,2138846,112,"40,5",25122,"5,7","1,8","2,7",988,13936,"23,3","23,3","53,4","5,9","28,1",66,"13,7","62,3","1,2"
PL32,Podkarpackie,POLONIA,PL,2084305,"98,4","39,5",17846,"7,2","2,2","3,5",777,13834,"16,3","31,2","52,6","1,9","36,3","61,8","16,9","66,6","1,4"
PL33,Swietokrzyskie,POLONIA,PL,1256089,"124,8","41,4",11711,"5,9","1,7","2,8",579,8476,"22,6","28,3","49,1","4,1","35,5","60,4","12,3",63,1
PL34,Podlaskie,POLONIA,PL,1167605,"114,4","40,6",20187,"5,2","1,6","2,5",467,7958,"23,1","23,7","53,2","7,8","27,9","64,3",10,"60,1","1,5"
PL41,Wielkopolskie,POLONIA,PL,3439596,"92,5","39,3",29826,"6,8","2,4","3,5",1331,34177,13,"35,1","51,9","4,8","35,9","59,3","11,7","66,7","2,1"
PL42,Zachodniopomorskie,POLONIA,PL,1692980,"106,5","40,7",22892,"4,3","1,4","2,1",574,13220,"8,1","29,2","62,8","3,8","30,2",66,"14,2","62,5","1,7"
PL43,Lubuskie,POLONIA,PL,1009573,"97,6",40,13988,"6,4","1,7","2,8",403,7818,"7,9","33,3","58,8","4,1","38,8","57,1",16,"67,4",2
PL51,Dolnoslaskie,POLONIA,PL,2872380,"117,4","41,3",19947,"6,8","2,5","3,5",1094,29821,"4,6","34,7","60,7","1,6","43,7","54,6","11,8","64,7","4,4"
PL52,Opolskie,POLONIA,PL,963197,"125,1","41,4",9412,6,"1,8",3,367,7435,"11,4","35,9","52,7","4,4","37,3","58,3","12,3","67,4","1,4"
PL61,Kujawsko-Pomorskie,POLONIA,PL,2070536,"101,8","40,1",17972,"6,8",2,"3,1",781,15771,14,"31,1","54,9","4,6","35,3",60,"14,7","68,9","1,8"
PL62,Warminsko-Mazurskie,POLONIA,PL,1423581,"91,3","39,5",24173,"6,3","1,6","2,7",527,9526,13,"29,4","57,6","6,9","32,7","60,4","15,3","61,7","1,1"
PL63,Pomorskie,POLONIA,PL,2262151,"91,2","39,4",18310,"5,2",2,"2,8",902,20255,"6,6","32,9","60,6","2,5",35,"62,5","12,4","62,3",4
PT11,Norte,PORTOGALLO,PT,3655215,"133,2","42,4",21286,"7,2","1,7","2,8",1562,42767,"8,8","32,9","58,3","1,7","29,4",69,"13,3",19,"2,2"
PT15,Algarve,PORTOGALLO,PT,443374,"139,3",43,4997,"2,6","1,7","1,8",194,6424,"7,5","9,9","82,7","3,2","10,3","86,5","12,3","26,5",
PT16,Centro (PT),PORTOGALLO,PT,2290051,"179,3","44,8",28199,5,"1,4","2,2",1046,28228,"14,3","26,9","58,8","3,6",28,"68,4","8,5","20,7","1,5"
PT17,Área Metropolitana de Lisboa,PORTOGALLO,PT,2812957,"133,2","42,5",3015,"6,2","3,1","3,4",1177,56154,"1,6","14,3",84,"0,4","12,7","86,9","11,2","25,7","5,4"
PT18,Alentejo,PORTOGALLO,PT,746003,"189,4","45,4",31605,"4,6","1,3","1,9",307,9908,"13,5","20,2","66,3",9,"25,8","65,2","13,6","22,7",2
PT20,Região Autónoma dos Açores (PT),PORTOGALLO,PT,247495,"80,8","38,3",2322,"4,5","1,9","2,4",102,3246,"12,7","15,5","71,8","9,4","12,9","77,8","24,1","13,7",
PT30,Região Autónoma da Madeira (PT),PORTOGALLO,PT,262202,"100,9","40,2",801,"6,3","2,6","3,1",112,3589,"13,1","11,8","75,1","2,4","12,8","84,8","20,1","18,2",
RO11,Nord-Vest,ROMANIA,RO,2592522,"106,7","40,3",34159,"13,9","4,5","6,9",1170,14317,"24,9","34,6","40,4","5,6","37,4",57,"12,3","58,6","2,4"
RO12,Centru,ROMANIA,RO,2357359,"105,9","40,7",34100,"17,4","4,6","7,8",884,14157,"14,3","40,3","45,4","5,2","43,1","51,7","25,1","58,7","1,9"
RO21,Nord-Est,ROMANIA,RO,3276083,"98,8","40,1",36850,"14,4",4,"6,4",1546,13003,49,19,"32,1","8,4",34,"57,6","11,1","55,3","1,2"
RO22,Sud-Est,ROMANIA,RO,2516224,"117,6","41,7",35762,"16,1","4,2","6,5",946,13319,"28,6","29,4",42,"8,2","41,9","49,9","22,4","55,2","0,9"
RO31,Sud - Muntenia,ROMANIA,RO,3096623,"131,1","42,2",34453,"17,8","4,3","7,3",1321,14937,"31,4","31,5",37,9,"44,7","46,4","22,5","58,1","1,1"
RO32,Bucuresti - Ilfov,ROMANIA,RO,2282606,115,"40,8",1821,17,"9,2","10,6",1062,35027,"0,9","19,4","79,7","0,3","28,1","71,6",15,"50,4","6,8"
RO41,Sud-Vest Oltenia,ROMANIA,RO,2041031,"136,8","42,4",29212,"20,6",4,"7,3",917,9808,"46,8","20,9","32,3","7,7","45,2","47,1","14,4","58,4","1,2"
RO42,Vest,ROMANIA,RO,1821247,"122,9","41,4",32034,"21,5","4,6","8,4",767,12622,"18,5","44,8","36,6","6,5","40,6","52,9","14,8","62,4","5,5"
SE11,Stockholm,SVEZIA,SE,2145024,"89,7","38,9",6779,,,,1152,121936,"0,4","9,8","89,8","0,1","20,2","79,6","6,7","38,2","7,9"
SE12,Östra Mellansverige,SVEZIA,SE,1597584,"127,3","41,4",41204,,,,771,55335,"2,3","21,8","75,9","1,7","32,1","66,3","7,1","46,1","4,7"
SE21,Småland med öarna,SVEZIA,SE,817609,"139,6","42,5",35382,,,,402,27953,"3,7","25,9","70,4","2,7","32,6","64,6","6,1","50,8",2
SE22,Sydsverige,SVEZIA,SE,1421115,"121,4","41,2",14341,,,,675,48016,"2,4","17,8","79,8","1,4",24,"74,6","7,2",44,"4,6"
SE23,Västsverige,SVEZIA,SE,1913244,"119,6","41,1",30934,,,,970,72646,"1,8","20,2",78,1,"28,8","70,3","7,4","44,4","4,1"
SE31,Norra Mellansverige,SVEZIA,SE,827703,"156,7","43,6",69148,,,,382,27059,"2,9","24,9","72,2","3,9","32,6","63,5","9,3","53,4","2,9"
SE32,Mellersta Norrland,SVEZIA,SE,368400,"152,1","43,5",76709,,,,176,13037,"3,5","19,1","77,4","5,5","26,8","67,6","7,4","53,7","3,4"
SE33,Övre Norrland,SVEZIA,SE,509701,"145,2","42,5",164077,,,,246,19538,"2,2","21,8",76,"3,3","36,7",60,"6,4","49,7","2,8"
SI01,Vzhodna Slovenija (NUTS 2010),SLOVENIA,SI,1080918,"133,6","42,7",12212,"8,6","2,6","4,4",474,13642,"12,7","34,6","52,8","3,4","41,3","55,3","11,6",59,"3,8"
SI02,Zahodna Slovenija (NUTS 2010),SLOVENIA,SI,979035,"121,9","41,8",8061,"5,4","3,5","4,1",443,17584,"6,3","26,7","67,1","1,2","24,8",74,"7,2",55,"6,6"
SK01,Bratislavský kraj,SNOVACCHIA,SK,615531,"107,5","40,8",2053,"6,4","4,9","5,1",316,18677,1,"20,8","78,2","1,2","21,5","77,3","6,7","56,4","8,9"
SK02,Západné Slovensko,SNOVACCHIA,SK,1837400,"116,2","40,9",14992,"4,1","2,2","2,9",838,21444,"4,2","40,2","55,6","5,3",41,"53,7","10,8","74,6","3,3"
SK03,Stredné Slovensko,SNOVACCHIA,SK,1347922,"95,8","39,6",16263,"3,1","2,5","2,8",568,13275,4,"38,9","57,1","5,4","35,1","59,5","14,7","71,9","2,6"
SK04,Východné Slovensko,SNOVACCHIA,SK,1612540,"73,8","37,7",15727,"3,2","2,6","2,8",641,13747,"3,4","33,4","63,2","4,5","35,3","60,2","14,8","70,4","2,8"
UKC1,Tees Valley and Durham,REGNO UNITO,UK,1181209,"115,7","41,1",3047,,,,512,22113,"0,9","21,7","77,4","0,6","27,7","71,7","15,7","44,2","2,7"
UKC2,Northumberland and Tyne and Wear,REGNO UNITO,UK,1428420,"122,5","41,3",5630,,,,659,31314,"0,9",22,"77,1","0,7","22,4",77,"14,6","44,5","4,3"
UKD1,Cumbria,REGNO UNITO,UK,498328,"156,1",44,7183,,,,233,11391,"3,4","27,1","69,4","2,1","35,2","62,8","11,8","46,1",
UKD3,Greater Manchester,REGNO UNITO,UK,2716102,"87,3","38,5",1276,,,,1268,66252,,"18,3",,"0,1","18,6","81,3","13,6","40,1","4,6"
UKD4,Lancashire,REGNO UNITO,UK,1468430,"115,1",41,3263,,,,655,30056,"1,5","21,2","77,3",1,"26,1","72,8","11,7","46,2","2,9"
UKD6,Cheshire,REGNO UNITO,UK,909072,"126,2","42,2",2290,,,,451,27264,"1,4","21,4","77,3",1,"26,3","72,7","6,5","34,7","6,8"
UKD7,Merseyside,REGNO UNITO,UK,1512623,"115,1","40,8",908,,,,646,31795,,"19,1",,"0,2","20,5","79,3","13,6","42,5","5,5"
UKE1,East Yorkshire and Northern Lincolnshire,REGNO UNITO,UK,922942,"123,5","41,7",3658,,,,425,19252,"3,1","25,9",71,"1,7","34,5","63,8","11,1","47,2","2,9"
UKE2,North Yorkshire,REGNO UNITO,UK,805212,"144,5","42,9",8325,,,,388,19492,3,"21,1","75,8","2,6","21,4",76,"9,1","39,7","3,3"
UKE3,South Yorkshire,REGNO UNITO,UK,1358033,106,"39,9",1552,,,,642,26564,,"21,5",,"0,4","22,4","77,2","16,4","43,3","2,3"
UKE4,West Yorkshire,REGNO UNITO,UK,2253875,"89,1","38,7",2029,,,,1029,54444,"0,4","20,2","79,1","0,3","21,7",78,"14,1","40,9","3,3"
UKF1,Derbyshire and Nottinghamshire,REGNO UNITO,UK,2134149,"114,2","40,8",4790,,,,986,48583,"0,7","25,1","74,2","0,6","26,9","72,5",13,"40,8","4,2"
UKF2,"Leicestershire, Rutland and Northamptonshire",REGNO UNITO,UK,1738698,"99,1","39,8",4918,,,,858,41882,1,"23,1","75,8","0,7","26,4","72,9","9,8","41,5","4,2"
UKF3,Lincolnshire,REGNO UNITO,UK,723999,"149,6","43,3",6103,,,,366,14138,"3,3","19,8","76,9","4,1","24,2","71,8","7,9","44,8",
UKG1,"Herefordshire, Worcestershire and Warwickshire",REGNO UNITO,UK,1306879,"133,8","42,6",5898,,,,649,31613,"1,9","23,2","74,9","2,1","26,1","71,8","10,6","38,5",5
UKG2,Shropshire and Staffordshire,REGNO UNITO,UK,1583535,"124,4","41,8",6204,,,,747,32631,"1,9","24,1",74,"1,4","24,4","74,2","10,4","45,5","3,1"
UKG3,West Midlands,REGNO UNITO,UK,2782405,83,38,902,,,,1172,65570,"0,4","22,4","77,8",0,"21,8","78,1","17,6","38,5","3,7"
UKH1,East Anglia,REGNO UNITO,UK,2427436,"129,9",42,12747,,,,1215,62669,"2,3","18,3","79,4","1,9","22,2","75,9","12,1","41,7","4,9"
UKH2,Bedfordshire and Hertfordshire,REGNO UNITO,UK,1773397,"88,8","39,3",2879,,,,911,51409,"0,8","16,6","82,6","0,4","20,2","79,3","10,1","37,6","6,4"
UKH3,Essex,REGNO UNITO,UK,1753094,"114,8","41,3",3947,,,,810,39441,"0,6","18,7","80,6","0,9","22,4","76,8","11,2","42,6","2,8"
UKI1,Inner London (NUTS 2010),REGNO UNITO,UK,3332616,"53,4","34,8",328,,,,1758,279486,,"7,8",,0,"5,4","94,6","9,1","24,5","8,1"
UKI2,Outer London (NUTS 2010),REGNO UNITO,UK,5085090,"69,8","37,2",1267,,,,2500,119067,,"13,8",,"0,1","16,9",83,"10,3","34,1","5,4"
UKJ1,"Berkshire, Buckinghamshire and Oxfordshire",REGNO UNITO,UK,2314908,"87,6","39,2",5743,,,,1213,90850,"0,8",17,"82,1","0,3","15,6","84,1","9,1","34,5","10,8"
UKJ2,"Surrey, East and West Sussex",REGNO UNITO,UK,2785631,"123,8",42,5504,,,,1362,82301,"1,1","15,9",83,"0,5","16,6","82,9","9,7","38,9","5,8"
UKJ3,Hampshire and Isle of Wight,REGNO UNITO,UK,1926298,"118,1","41,1",4249,,,,975,54948,"1,2","17,5","81,2","0,5","19,6","79,9","6,7","39,2","7,2"
UKJ4,Kent,REGNO UNITO,UK,1763273,"109,8","40,8",3908,,,,830,39466,"1,8","18,2",80,"1,3","21,3","77,4",13,"42,7","4,3"
UKK1,"Gloucestershire, Wiltshire and Bristol/Bath area",REGNO UNITO,UK,2391057,"111,9","40,7",7704,,,,1189,70072,"1,1",19,"79,9","0,7","21,6","77,7","9,8","36,5","6,3"
UKK2,Dorset and Somerset,REGNO UNITO,UK,1292178,"157,4","43,9",6209,,,,628,29762,"2,5","20,8","76,6","1,7","23,3",75,"10,3","42,5","3,4"
UKK3,Cornwall and Isles of Scilly,REGNO UNITO,UK,544008,"158,8",44,3636,,,,255,9859,"3,3","20,1","76,5",3,"20,2","76,8","12,9","44,9",
UKK4,Devon,REGNO UNITO,UK,1148402,155,"43,4",6840,,,,531,24314,"2,2","17,4","80,4","1,8","20,1","78,1","9,9","41,9","4,3"
UKL1,West Wales and The Valleys,REGNO UNITO,UK,1943619,"131,5",42,13443,,,,844,33768,"2,1","21,2","76,8","0,7","27,1","72,3","16,3","42,4","2,4"
UKL2,East Wales,REGNO UNITO,UK,1141830,"112,2","40,5",7782,,,,530,27544,"2,2","18,8",79,"0,5","25,4","74,2","12,9","37,3","3,5"
UKM2,Eastern Scotland,REGNO UNITO,UK,2044007,"119,6","41,1",18296,,,,998,53226,"1,9","17,6","80,5","1,3","19,7",79,"11,5","33,1","4,7"
UKM3,South Western Scotland,REGNO UNITO,UK,2333498,"117,7","41,2",13438,,,,1098,54013,"1,1","18,7","80,3","0,5","22,5","76,9","13,6","33,2","3,3"
UKM5,North Eastern Scotland,REGNO UNITO,UK,484600,"110,6","40,4",6498,,,,268,20692,"1,8","28,5","69,7","0,9","40,1","59,1","7,7","39,2",
UKM6,Highlands and Islands,REGNO UNITO,UK,466685,"141,1","43,3",41960,,,,226,9972,"8,5","22,8","68,7","3,1","27,3","69,6","13,4","40,9",
UKN0,Northern Ireland (UK),REGNO UNITO,UK,1831252,"83,9","38,6",14130,,,,814,38670,"3,5","20,7","75,8","1,2","21,4","77,4","14,1","38,1","2,9"
